Number;Identifier;Title;Author;Journal_Book;Year;Offline Explanation Acessment;Offline Explanation Metric;Number of Users;User Experiment;User Experiment Metrics;Explanation Source;Agnostic Or Post-Hoc
1;takami_flanagan_dai_ogata_2023;Personality-based tailored explainable recommendation for trustworthy smart learning system in the age of artificial intelligence;"Takami, Kyosuke; Flanagan, Brendan; Dai, Yiling; Ogata, Hiroaki";Smart Learning Environments;2023;No;-;-;Yes;A/B CTR(online);Personality;Post-Hoc
2;lin_zhang_lin_zeng_zhou_wu_2024;Knowledge-aware reasoning with self-supervised reinforcement learning for explainable recommendation in MOOCs;"Lin, Yuanguo; Zhang, Wei; Lin, Fan; Zeng, Wenhua; Zhou, Xiuze; Wu, Pengcheng";Neural Computing and Applications;2024;Yes;Explainable Items;All dataset;No;-;KG;Intrinsic
3;zanon_da_rocha_manzato_2024;Model-Agnostic Knowledge Graph Embedding Explanations for Recommender Systems;"Zanon, André Levi; Da Rocha, Leonardo Chaves Dutra; Manzato, Marcelo Garcia";Communications in Computer and Information Science;2024;Yes;KG;All dataset;No;-;KG;Post-Hoc
4;samih_ghadi_fennan_2023;Knowledge Embeddings for Explainable Recommendation;"Samih, Amina; Ghadi, Abderrahim; Fennan, Abdelhadi";Lecture Notes in Networks and Systems;2023;Yes;PoC;Few Examples;No;-;KG;Post-Hoc
5;li_liu_zhang_kou_liu_qu_2025;Integrating User Sentiment and Behavior for Explainable Recommendation;"Li, Dong; Liu, Zhicong; Zhang, Qingyu; Kou, Yue; Liu, Tingting; Qu, Haoran";Communications in Computer and Information Science;2025;Yes;Precision/Recall;Few Examples;No;-;Review;Post-Hoc
6;wen_liu_jing_yu_2024;Learning-based counterfactual explanations for recommendation;"Wen, Jingxuan; Liu, Huafeng; Jing, Liping; Yu, Jian";Science China Information Sciences;2024;Yes;Counterfactual;All dataset;No;-;Collaborative;Post-Hoc
7;long_jin_2024;Prompt Tuning Models on Sentiment-Aware for Explainable Recommendation;"Long, Xiuhua; Jin, Ting";Lecture Notes in Computer Science;2024;Yes;NLP(BLEU/ROUGE);All dataset;No;-;Review;Post-Hoc
8;jendal_le_lauw_lissandrini_dolog_hose_2024;Hypergraphs with Attention on Reviews for Explainable Recommendation;"Jendal, Theis E.; Le, Trung-Hoang; Lauw, Hady W.; Lissandrini, Matteo; Dolog, Peter; Hose, Katja";Lecture Notes in Computer Science;2024;Yes;NLP(BLEU/ROUGE);All dataset;No;-;Hybrid(KG/Review);Post-Hoc
9;zhong_negre_2022;Context-Aware Explanations in Recommender Systems;"Zhong, Jinfeng; Negre, Elsa";Lecture Notes in Networks and Systems;2022;No;-;-;Yes;Expl.Goals(online);Review;Intrinsic
10;alizadeh_noughabi_behkamal_zarrinkalam_kahani_2024;Persuasive explanations for path reasoning recommendations;"Alizadeh Noughabi, Havva; Behkamal, Behshid; Zarrinkalam, Fattane; Kahani, Mohsen";Journal of Intelligent Information Systems;2024;Yes;KG;All dataset;No;-;Hybrid;Post-Hoc
11;zhang_zhu_wang_2023;Neighborhood Constraints Based Bayesian Personalized Ranking for Explainable Recommendation;"Zhang, Tingxuan; Zhu, Li; Wang, Jie";Lecture Notes in Computer Science;2023;Yes;Explainable Items;All dataset;No;-;Collaborative;Intrinsic
12;zheng_chen_cao_peng_huang_2024;Explainable recommendation based on fusion representation of multi-type feature embedding;"Zheng, Jianxing; Chen, Sen; Cao, Feng; Peng, Furong; Huang, Mingqing";The Journal of Supercomputing;2024;Yes;PoC;Few Examples;No;-;KG;Intrinsic
13;wang_xie_ding_chen_xiang_2025;Reinforced logical reasoning over KGs for interpretable recommendation system;"Wang, Shirui; Xie, Bohan; Ding, Ling; Chen, Jianting; Xiang, Yang";Machine Learning;2025;Yes;PoC;Few Examples;No;-;KG;Intrinsic
14;sang_yang_zhang_liao_2025;A user preference knowledge graph incorporating spatio-temporal transfer features for next POI recommendation;"Sang, Chun-Yan; Yang, Yang; Zhang, Yi-Bo; Liao, Shi-Gen";Applied Intelligence;2025;Yes;PoC;Few Examples;No;-;KG;Intrinsic
15;9811151;Using Deep Learning for Positive Reviews Prediction in Explainable Recommendation Systems;"Zarzour, Hafed; Alsmirat, Mohammad; Jararweh, Yaser";International Conference on Information and Communication Systems (ICICS);2022;No;-;-;No;-;Review;Intrinsic
16;8622439;Toward Explainable Recommendations: Generating Review Text from Multicriteria Evaluation Data;"Suzuki, Takafumi; Oyama, Satoshi; Kurihara, Masahito";IEEE International Conference on Big Data (Big Data);2018;Yes;PoC;Few Examples;No;-;Review;Post-Hoc
17;10741116;Enhanced Explanations in Recommendation Systems;"Tohidi, Nasim; Beheshti, Maedeh";IEEE International Symposium on Systems Engineering (ISSE);2024;Yes;Precision/Recall;All dataset;No;-;Parameters;Post-Hoc
18;9607106;Explainable Collaborative Filtering Recommendations Enriched with Contextual Information;"Vultureanu-Albişi, Alexandra; Bădică, Costin";International Conference on System Theory, Control and Computing (ICSTCC);2021;Yes;PoC;Few Examples;No;-;KG;Intrinsic
19;9260076;Why Should I Trust This Item? Explaining the Recommendations of any Model;"Lonjarret, Corentin; Robardet, Céline; Plantevit, Marc; Auburtin, Roch; Atzmueller, Martin";IEEE International Conference on Data Science and Advanced Analytics (DSAA);2020;Yes;Explainable Items;All dataset;No;-;Collaborative;Post-Hoc
20;10776491;Mooc Course Recommendation System Model with Explainable AI (XAI) Using Content Based Filtering Method;"Praseptiawan, Mugi; Muchtarom, M. Fikri Damar; Putri, Nabila Muthia; Pee, Ahmad Naim Che; Zakaria, Mohd Hafiz; Untoro, Meida Cahyo";International Conference on Electrical Engineering, Computer Science and Informatics (EECSI);2024;Yes;PoC;Few Examples;No;-;KG;Post-Hoc
21;9005590;Explainable Recommendation Using Review Text and a Knowledge Graph;"Suzuki, Takafumi; Oyama, Satoshi; Kurihara, Masahito";IEEE International Conference on Big Data (Big Data);2019;Yes;PoC;Few Examples;No;-;Hybrid(KG/Review);Intrinsic
22;10260804;Explanation for User Trust in Context-Aware Recommender Systems for Search-As-Learning;"Rani, Neha; Qian, Yadi; Chu, Sharon Lynn";IEEE International Conference on Advanced Learning Technologies (ICALT);2023;No;-;-;Yes;Expl.Goals(online);KG;Intrinsic
23;10683822;A Trustworthy and Explainable AI Recommender System: Job Domain Case Study;"Vultureanu-Albişi, Alexandra; Murareţu, Ionuţ; Bădică, Costin";International Conference on INnovations in Intelligent SysTems and Applications (INISTA);2024;Yes;PoC;Few Examples;No;-;KG;Post-Hoc
24;9079084;A long short-term memory deep learning framework for explainable recommendation;"Zarzour, Hafed; Jararweh, Yaser; Hammad, Mahmoud M.; Al-Smadi, Mohammed";International Conference on Information and Communication Systems (ICICS);2020;Yes;Explainable Items;All dataset;No;-;Review;Intrinsic
25;9836983;A Recommender System for Recommending Suitable Products in E-shop Using Explanations;"Walek, Bogdan; Fajmon, Petr";International Conference on Artificial Intelligence, Robotics and Control (AIRC);2022;Yes;PoC;Few Examples;No;-;Collaborative;Post-Hoc
26;10873804;Explainable Recommendation System Based on Aspect-Based Sentiment Analysis;"Xiaolong, Zhou; Shijiao, Han; Zhenze, Li";International Computer Conference on Wavelet Active Media Technology and Information Processing (ICCWAMTIP);2024;Yes;PoC;Few Examples;No;-;Review;Intrinsic
27;8594883;A Reinforcement Learning Framework for Explainable Recommendation;"Wang, Xiting; Chen, Yiru; Yang, Jie; Wu, Le; Wu, Zhengtao; Xie, Xing";IEEE International Conference on Data Mining (ICDM);2018;Yes;Correlation;All dataset;Yes;A/B CTR(online);Review;Post-Hoc
28;10048787;Collaborative Meta-Path Modeling for Explainable Recommendation;"Yang, Zhe-Rui; He, Zhen-Yu; Wang, Chang-Dong; Lai, Jian-Huang; Tian, Zhihong";IEEE Transactions on Computational Social Systems;2024;Yes;PoC;Few Examples;Yes;-;Collaborative;Intrinsic
29;10446052;Active Explainable Recommendation with Limited Labeling Budgets;"Zhang, Jingsen; Bo, Xiaohe; Wang, Chenxi; Dai, Quanyu; Dong, Zhenhua; Tang, Ruiming; Chen, Xu";ICASSP - IEEE International Conference on Acoustics, Speech and Signal Processing (ICASSP);2024;Yes;NLP(BLEU/ROUGE);All dataset;No;-;Review;Post-Hoc
30;10827288;Recommendations for Healthcare: An Interpretable Approach Using Deep Learning;"Bhatti, Uzair Aslam; Yu, Yang Ke; Mamyrbayev, O. Zh.; Aitkazina, A. A.; Hao, Tang; Zhumazhan, N. O.";International Conference on Pattern Recognition and Artificial Intelligence (PRAI);2024;Yes;PoC;Few Examples;No;-;Parameters;Post-Hoc
31;9482221;Generate Personalized Explanations for Recommendation based on Keywords;"Song, Wei; Wang, Chenglong; Ning, Keqing";IEEE Advanced Information Management, Communicates, Electronic and Automation Control Conference (IMCEC);2021;Yes;NLP(BLEU/ROUGE);All dataset;No;-;Review;Intrinsic
32;10658914;Reasonable Sense of Direction: Making Course Recommendations Understandable with LLMs;"Chun, Hong Wei; Ong, Rongqing Kenneth; Khong, Andy W. H.";IEEE International Midwest Symposium on Circuits and Systems (MWSCAS);2024;Yes;PoC;Few Examples;No;-;LLM;Post-Hoc
33;10334552;Explainable Recommendation for Hazard Inspection Reasoning Through Knowledge Graph;"Chen, Zhanghui; Ai, Xinbo; Guo, Yanjun; Huang, Yitian; Yang, Jing";IEEE International Conference on Computer Science and Network Technology (ICCSNT);2023;Yes;KG;All dataset;No;-;KG;Intrinsic
34;10825771;AgroXAI: Explainable AI-Driven Crop Recommendation System for Agriculture 4.0;"Turgut, Özlem; Kök, İbrahim; Özdemir, Suat";IEEE International Conference on Big Data (Big Data);2024;Yes;PoC;All dataset;No;-;Parameters;Post-Hoc
35;10308154;Explainable Machine Learning for Crop Recommendation from Agriculture Sensor Data- a New Paradigm;"Das, Samiran; Chatterjee, Sujoy";International Conference on Computing Communication and Networking Technologies (ICCCNT);2023;Yes;PoC;All dataset;No;-;Parameters;Post-Hoc
36;10742303;Explainable Session-Based Recommendation via Path Reasoning;"Cao, Yang; Shang, Shuo; Wang, Jun; Zhang, Wei";IEEE Transactions on Knowledge and Data Engineering;2025;Yes;PoC;Few Examples;No;-;KG;Intrinsic
37;10623784;KEMB-Rec: Knowledge-Enhanced Explainable Multibehavior Recommendation With Graph Contrastive Learning;"Guo, Feipeng; Wang, Zifan";IEEE Internet of Things Journal;2025;Yes;PoC;Few Examples;No;-;KG;Post-Hoc
38;10884422;An Explainable Recommender System by Integrating Graph Neural Networks and User Reviews;"Batmani, Sahar; Moradi, Parham; Heidari, Narges; Jalili, Mahdi";IEEE International Conference on Data Mining (ICDM);2024;Yes;Precision/Recall;All dataset;No;-;Review;Intrinsic
39;SHIMIZU2022107970;An explainable recommendation framework based on an improved knowledge graph attention network with massive volumes of side information;"Shimizu, Ryotaro; Matsutani, Megumi; Goto, Masayuki";Knowledge-Based Systems;2022;Yes;PoC;Few Examples;No;-;KG;Intrinsic
40;BRUNOT2022102021;Preference-based and local post-hoc explanations for recommender systems;"Brunot, Léo; Canovas, Nicolas; Chanson, Alexandre; Labroche, Nicolas; Verdeaux, Willème";Information Systems;2022;Yes;Precision/Recall;All dataset;No;-;Parameters;Post-Hoc
41;TAO2022109300;Micro-behaviour with Reinforcement Knowledge-aware Reasoning for Explainable Recommendation;"Tao, Shaohua; Qiu, Runhe; Xu, Bo; Ping, Yuan";Knowledge-Based Systems;2022;Yes;PoC;Few Examples;No;-;KG;Intrinsic
42;TAO2021107217;Multi-modal Knowledge-aware Reinforcement Learning Network for Explainable Recommendation;"Tao, Shaohua; Qiu, Runhe; Ping, Yuan; Ma, Hui";Knowledge-Based Systems;2021;Yes;PoC;Few Examples;No;-;KG;Intrinsic
43;YANG2021106687;Accurate and Explainable Recommendation via Hierarchical Attention Network Oriented Towards Crowd Intelligence;"Yang, Chao; Zhou, Weixin; Wang, Zhiyu; Jiang, Bin; Li, Dongsheng; Shen, Huawei";Knowledge-Based Systems;2021;Yes;Precision/Recall;All dataset;No;-;Review;Intrinsic
44;LIU2020102099;Dynamic attention-based explainable recommendation with textual and visual fusion;"Liu, Peng; Zhang, Lemei; Gulla, Jon Atle";Information Processing & Management;2020;Yes;PoC;Few Examples;Yes;Expl.Goals(online);Multimodal;Intrinsic
45;LIANG202194;O3ERS: An explainable recommendation system with online learning, online recommendation, and online explanation;"Liang, Qianqiao; Zheng, Xiaolin; Wang, Yan; Zhu, Mengying";Information Sciences;2021;Yes;PoC;Few Examples;No;-;KG;Post-Hoc
46;ZANON2022109333;Balancing the trade-off between accuracy and diversity in recommender systems with personalized explanations based on Linked Open Data;"Zanon, André Levi; da Rocha, Leonardo Chaves Dutra; Manzato, Marcelo Garcia";Knowledge-Based Systems;2022;No;-;-;No;-;KG;Post-Hoc
47;PAZRUZA2024102497;Sustainable transparency on recommender systems: Bayesian ranking of images for explainability;"Paz-Ruza, Jorge; Alonso-Betanzos, Amparo; Guijarro-Berdiñas, Bertha; Cancela, Brais; Eiras-Franco, Carlos";Information Fusion;2024;No;-;-;No;-;Multimodal;Intrinsic
48;AI2025129692;An explainable recommendation algorithm based on content summarization and linear attention;"Ai, Jun; Li, Haolin; Su, Zhan; Zhao, Fengyu";Neurocomputing;2025;Yes;NLP(BLEU/ROUGE);All dataset;No;-;Review;Intrinsic
49;WEI2023202;ExpGCN: Review-aware Graph Convolution Network for explainable recommendation;"Wei, Tianjun; Chow, Tommy W. S.; Ma, Jianghong; Zhao, Mingbo";Neural Networks;2023;No;-;-;No;-;Hybrid(KG/Review);Intrinsic
50;KAUR2023100507;A deep learning knowledge graph neural network for recommender systems;"Kaur, Gurinder; Liu, Fei; Chen, Yi-Ping Phoebe";Machine Learning with Applications;2023;No;-;-;No;-;KG;Intrinsic
51;YANG2020106194;HAGERec: Hierarchical Attention Graph Convolutional Network Incorporating Knowledge Graph for Explainable Recommendation;"Yang, Zuoxi; Dong, Shoubin";Knowledge-Based Systems;2020;Yes;PoC;Few Examples;No;-;KG;Intrinsic
52;LI2024112042;An attention mechanism and residual network based knowledge graph-enhanced recommender system;"Li, Weisheng; Zhong, Hao; Zhou, Junming; Chang, Chao; Lin, Ronghua; Tang, Yong";Knowledge-Based Systems;2024;No;-;-;No;-;KG;Intrinsic
53;WANG2020436;Learning user-item paths for explainable recommendation;"Wang, Tongxuan; Zheng, Xiaolong; He, Saike; Zhang, Zhu; Wu, Desheng Dash";IFAC-PapersOnLine;2020;No;-;-;No;-;KG;Intrinsic
54;GUO2021185;TAERT: Triple-Attentional Explainable Recommendation with Temporal Convolutional Network;"Guo, Siyuan; Wang, Ying; Yuan, Hao; Huang, Zeyu; Chen, Jianwei; Wang, Xin";Information Sciences;2021;Yes;PoC;Few Examples;No;-;Review;Intrinsic
55;MARKCHOM2023110258;Scalable and explainable visually-aware recommender systems;"Markchom, Thanet; Liang, Huizhi; Ferryman, James";Knowledge-Based Systems;2023;Yes;Explainable Items;All dataset;No;-;Multimodal;Intrinsic
56;HAO2025113113;IReGNN: Implicit review-enhanced graph neural network for explainable recommendation;"Hao, Qingbo; Wang, Chundong; Xiao, Yingyuan; Zheng, Wenguang";Knowledge-Based Systems;2025;Yes;NLP(BLEU/ROUGE);All dataset;No;-;Review;Intrinsic
57;LIU2025113217;Semantic relation-aware graph attention network with noise augmented layer-wise contrastive learning for recommendation;"Liu, Jianfang; Wang, Wei; Yi, Baolin; Zhang, Huanyu; Shen, Xiaoxuan";Knowledge-Based Systems;2025;No;-;-;No;-;KG;Intrinsic
58;WU2025129780;Cross-modal feature symbiosis for personalized meta-path generation in heterogeneous networks;"Wu, Xiaotong; Qiu, Liqing; Zhao, Weidong";Neurocomputing;2025;Yes;PoC;Few Examples;No;-;KG;Intrinsic
59;AI2025129692;An explainable recommendation algorithm based on content summarization and linear attention;"Ai, Jun; Li, Haolin; Su, Zhan; Zhao, Fengyu";Neurocomputing;2025;Yes;NLP(BLEU/ROUGE);All dataset;No;-;Review;Intrinsic
60;10.1145/3269206.3271739;RippleNet: Propagating User Preferences on the Knowledge Graph for Recommender Systems;"Wang, Hongwei; Zhang, Fuzheng; Wang, Jialin; Zhao, Miao; Li, Wenjie; Xie, Xing; Guo, Minyi";ACM International Conference on Information and Knowledge Management;2018;Yes;PoC;Few Examples;No;-;KG;Intrinsic
61;10.1145/3357384.3357925;AutoInt: Automatic Feature Interaction Learning via Self-Attentive Neural Networks;"Song, Weiping; Shi, Chence; Xiao, Zhiping; Duan, Zhijian; Xu, Yewen; Zhang, Ming; Tang, Jian";ACM International Conference on Information and Knowledge Management;2019;Yes;Correlation;All dataset;No;-;KG;Intrinsic
62;10.1145/3219819.3219965;Leveraging Meta-path based Context for Top- N Recommendation with A Neural Co-Attention Model;"Hu, Binbin; Shi, Chuan; Zhao, Wayne Xin; Yu, Philip S.";Proceedings of the ACM SIGKDD Conference on Knowledge Discovery and Data Mining;2018;Yes;PoC;Few Examples;No;-;KG;Intrinsic
63;10.1145/3178876.3186070;Neural Attentional Rating Regression with Review-level Explanations;"Chen, Chong; Zhang, Min; Liu, Yiqun; Ma, Shaoping";Proceedings of the ACM Web Conference;2018;Yes;Precision/Recall;All dataset;No;-;Review;Intrinsic
64;10.1145/3308558.3313705;Unifying Knowledge Graph Learning and Recommendation: Towards a Better Understanding of User Preferences;"Cao, Yixin; Wang, Xiang; He, Xiangnan; Hu, Zikun; Chua, Tat-Seng";Proceedings of the ACM Web Conference;2019;Yes;PoC;Few Examples;No;-;KG;Intrinsic
65;10.1145/3397271.3401137;Disentangled Graph Collaborative Filtering;"Wang, Xiang; Jin, Hongye; Zhang, An; He, Xiangnan; Xu, Tong; Chua, Tat-Seng";Proceedings of the International ACM SIGIR Conference on Research and Development in Information Retrieval;2020;Yes;PoC;Few Examples;No;-;Review;Intrinsic
66;10.1145/3343031.3351034;MMGCN: Multi-modal Graph Convolution Network for Personalized Recommendation of Micro-video;"Wei, Yinwei; Wang, Xiang; Nie, Liqiang; He, Xiangnan; Hong, Richang; Chua, Tat-Seng";Proceedings of the ACM International Conference on Multimedia;2019;Yes;PoC;Few Examples;No;-;Multimodal;Intrinsic
67;10.1145/2806416.2806504;TriRank: Review-aware Explainable Recommendation by Modeling Aspects;"He, Xiangnan; Chen, Tao; Kan, Min-Yen; Chen, Xiao";ACM International Conference on Information and Knowledge Management;2015;Yes;PoC;Few Examples;No;-;Review;Intrinsic
68;10.1145/3159652.3159668;Sequential Recommendation with User Memory Networks;"Chen, Xu; Xu, Hongteng; Zhang, Yongfeng; Tang, Jiaxi; Cao, Yixin; Qin, Zheng; Zha, Hongyuan";Proceedings of the ACM International Conference on Web Search and Data Mining;2018;Yes;PoC;Few Examples;No;-;Collaborative;Intrinsic
69;10.1145/3109859.3109890;Interpretable Convolutional Neural Networks with Dual Local and Global Attention for Review Rating Prediction;"Seo, Sungyong; Huang, Jing; Yang, Hao; Liu, Yan";Proceedings of the ACM Conference on Recommender Systems;2017;Yes;PoC;Few Examples;No;-;Review;Intrinsic
70;10.1145/3331184.3331203;Reinforcement Knowledge Graph Reasoning for Explainable Recommendation;"Xian, Yikun; Fu, Zuohui; Muthukrishnan, S.; de Melo, Gerard; Zhang, Yongfeng";Proceedings of the International ACM SIGIR Conference on Research and Development in Information Retrieval;2019;Yes;PoC;Few Examples;No;-;KG;Intrinsic
71;10.1145/3442381.3450133;Learning Intents behind Interactions with Knowledge Graph for Recommendation;"Wang, Xiang; Huang, Tinglin; Wang, Dingxian; Yuan, Yancheng; Liu, Zhenguang; He, Xiangnan; Chua, Tat-Seng";Proceedings of the ACM Web Conference;2021;Yes;PoC;Few Examples;No;-;KG;Intrinsic
72;10.1145/3178876.3186145;Aspect-Aware Latent Factor Model: Rating Prediction with Ratings and Reviews;"Cheng, Zhiyong; Ding, Ying; Zhu, Lei; Kankanhalli, Mohan";Proceedings of the ACM Web Conference;2018;Yes;PoC;Few Examples;No;-;Review;Intrinsic
73;10.1145/3178876.3186154;Latent Relational Metric Learning via Memory-based Attention for Collaborative Ranking;"Tay, Yi; Anh Tuan, Luu; Hui, Siu Cheung";Proceedings of the ACM Web Conference;2018;No;-;-;No;-;Collaborative;Intrinsic
74;10.1145/3442381.3449788;Disentangling User Interest and Conformity for Recommendation with Causal Embedding;"Zheng, Yu; Gao, Chen; Li, Xiang; He, Xiangnan; Li, Yong; Jin, Depeng";Proceedings of the ACM Web Conference;2021;Yes;Correlation;All dataset;No;-;Collaborative;Intrinsic
75;10.1145/3631700.3665226;Learner-centered Ontology for Explainable Educational Recommendation;"Afreen, Neda; Balloccu, Giacomo; Boratto, Ludovico; Fenu, Gianni; Malloci, Francesca Maridina; Marras, Mirko; Martis, Andrea Giovanni";Adjunct Proceedings of the ACM Conference on User Modeling, Adaptation and Personalization;2024;No;-;-;Yes;Expl.Goals(online);KG;Intrinsic
76;10.1145/3637528.3671781;Natural Language Explainable Recommendation with Robustness Enhancement;"Zhang, Jingsen; Tang, Jiakai; Chen, Xu; Yu, Wenhui; Hu, Lantao; Jiang, Peng; Li, Han";Proceedings of the ACM SIGKDD Conference on Knowledge Discovery and Data Mining;2024;Yes;NLP(BLEU/ROUGE);All dataset;No;-;Review;Post-Hoc
77;10.1145/3543507.3583260;Recommendation with Causality enhanced Natural Language Explanations;"Zhang, Jingsen; Chen, Xu; Tang, Jiakai; Shao, Weiqi; Dai, Quanyu; Dong, Zhenhua; Zhang, Rui";Proceedings of the ACM Web Conference;2023;Yes;NLP(BLEU/ROUGE);All dataset;No;-;Review;Post-Hoc
78;10.1145/3624918.3625331;AdaReX: Cross-Domain, Adaptive, and Explainable Recommender System;"Yu, Yi; Sugiyama, Kazunari; Jatowt, Adam";Proceedings of the  International ACM SIGIR Conference on Research and Development in Information Retrieval;2023;Yes;NLP(BLEU/ROUGE);All dataset;No;-;Review;Post-Hoc
79;10.1145/3485447.3511937;Path Language Modeling over Knowledge Graphsfor Explainable Recommendation;"Geng, Shijie; Fu, Zuohui; Tan, Juntao; Ge, Yingqiang; de Melo, Gerard; Zhang, Yongfeng";Proceedings of the ACM Web Conference;2022;Yes;PoC;Few Examples;No;-;KG;Intrinsic
80;10.1145/3485447.3512029;Accurate and Explainable Recommendation via Review Rationalization;"Pan, Sicheng; Li, Dongsheng; Gu, Hansu; Lu, Tun; Luo, Xufang; Gu, Ning";Proceedings of the ACM Web Conference;2022;Yes;PoC;Few Examples;No;-;Review;Intrinsic
81;10.1145/3604915.3609491;HUMMUS: A Linked, Healthiness-Aware, User-centered and Argument-Enabling Recipe Data Set for Recommendation;"Bolz, Felix; Nurbakova, Diana; Calabretto, Sylvie; Gerl, Armin; Brunie, Lionel; Kosch, Harald";Proceedings of the ACM Conference on Recommender Systems;2023;No;-;-;-;-;KG;Post-Hoc
82;10.1145/3636555.3636898;Finding Paths for Explainable MOOC Recommendation: A Learner Perspective;"Frej, Jibril; Shah, Neel; Knezevic, Marta; Nazaretsky, Tanya; Kaser, Tanja";Proceedings of the Learning Analytics and Knowledge Conference;2024;No;-;-;Yes;Expl.Goals(online);KG;Intrinsic
83;10.1145/3616855.3635855;Interact with the Explanations: Causal Debiased Explainable Recommendation System;"Liu, Xu; Yu, Tong; Xie, Kaige; Wu, Junda; Li, Shuai";Proceedings of the ACM International Conference on Web Search and Data Mining;2024;No;-;-;Yes;A/B CTR(online);Collaborative;Post-Hoc
84;10.1145/3539618.3591776;Topic-enhanced Graph Neural Networks for Extraction-based Explainable Recommendation;"Shuai, Jie; Wu, Le; Zhang, Kun; Sun, Peijie; Hong, Richang; Wang, Meng";Proceedings of the International ACM SIGIR Conference on Research and Development in Information Retrieval;2023;Yes;NLP(BLEU/ROUGE);All dataset;No;-;Review;Intrinsic
85;rana_daddio_manzato_bridge_2022;Extended recommendation-by-explanation; Rana, Arpit and D’Addio, Rafael M. and Manzato, Marcelo G. and Bridge, Derek; User Modeling and User-Adapted Interaction; 2022;No;-;-;Yes;A/B CTR(online);Review;Intrinsic
86;haque_islam_mikalef_2025;To Explain or Not To Explain: An Empirical Investigation of AI‑based Recommendations on Social Media Platforms; Haque, Akm Bahalul and Islam, Najmul and Mikalef, Patrick;Electronic Markets;2025;No;-;-;Yes;Expl.Goals(online);Collaborative;Post-Hoc
87;ranjbar_momtazi_homayoonpour_2024;Explaining recommendation system using counterfactual textual explanations;Ranjbar, Niloofar and Momtazi, Saeedeh and Homayoonpour, Mohammadmehdi;Machine Learning;2024;Yes;Counterfactual;All dataset;No;-;Review;Intrinsic
88;caro-martinez_jorro-aragoneses_diaz-agudo_recio-garcia_2024;Graph-Based Interface for Explanations by Examples in Recommender Systems: A User Study;Caro-Martínez, Marta and Jorro-Aragoneses, José L. and Díaz-Agudo, Belén and Recio-García, Juan A.;Communications in Computer and Information Science;2024;No;-;-;Yes;A/B CTR(online);KG;Post-Hoc
89;de_campos_fernandez_luna_huete_2024;An explainable content-based approach for recommender systems: a case study in journal recommendation for paper submission;De Campos, Luis M. and Fernández-Luna, Juan M. and Huete, Juan F.;User Modeling and User-Adapted Interaction;2024;No;-;-;Yes;Expl.Goals(online);KG;Post-Hoc
90;xie_wang_xu_chen_zheng_tang_2024;A Review-Level Sentiment Information Enhanced Multitask Learning Approach for Explainable Recommendation;Xie, Fenfang and Wang, Yuansheng and Xu, Kun and Chen, Liang and Zheng, Zibin and Tang, Mingdong;IEEE Transactions on Computational Social Systems;2024;Yes;NLP(BLEU/ROUGE);All dataset;No;-;Review;Intrinsic
91;le_abel_gouspillou_2023;Combining Embedding-Based and Semantic-Based Models for Post-Hoc Explanations in Recommender Systems;Le, Ngoc Luyen and Abel, Marie-Hélène and Gouspillou, Philippe;IEEE International Conference on Systems, Man and Cybernetics;2023;Yes;PoC;Few Examples;No;-;KG;Intrinsic
92;bastola_shakya_2024;Knowledge-Enriched Graph Convolution Network for Hybrid Explainable Recommendation from Review Texts and Reasoning Path;Bastola, Rama and Shakya, Subarna;International Conference on Inventive Computation Technologies;2024;Yes;NLP(BLEU/ROUGE);All dataset;No;-;Hybrid(KG/Review);Intrinsic
93;hu_liu_miao_lin_miao_2022;Aspect-guided Syntax Graph Learning for Explainable Recommendation;Hu, Yidan and Liu, Yong and Miao, Chunyan and Lin, Gongqi and Miao, Yuan;IEEE Transactions on Knowledge and Data Engineering;2022;Yes;NLP(BLEU/ROUGE);All dataset;No;-;Review;Intrinsic
94;zhan_li_li_liu_gupta_kot_2023;Towards Explainable Recommendation Via Bert-Guided Explanation Generator;Zhan, Huijing and Li, Ling and Li, Shaohua and Liu, Weide and Gupta, Manas and Kot, Alex C.;International Conference on Acoustics, Speech, and Signal Processing;2023;Yes;NLP(BLEU/ROUGE);All dataset;No;-;Review;Intrinsic
95;LI2025110542;Two-layer knowledge graph transformer network-based question and answer explainable recommendation;Ying Li and Ming Li and Jin Ding and Yixue Bai;Engineering Applications of Artificial Intelligence;2025;Yes;PoC;All dataset;No;-;KG;Intrinsic
96;XIE2021235;Attentive preference personalized recommendation with sentence-level explanations;Jin Xie and Fuxi Zhu and Xuefei Li and Sheng Huang and Shichao Liu;Neurocomputing;2021;Yes;PoC;Few Examples;No;-;Review;Intrinsic
97;balloccu_boratto_fenu_marras_2022;XRecSys: A framework for path reasoning quality in explainable recommendation;Balloccu, Giacomo and Boratto, Ludovico and Fenu, Gianni and Marras, Mirko;Software Impacts;2022;No;KG;-;No;-;KG;Post-Hoc
98;balloccu_boratto_fenu_marras_2023;Reinforcement recommendation reasoning through knowledge graphs for explanation path quality;Balloccu, Giacomo and Boratto, Ludovico and Fenu, Gianni and Marras, Mirko;Knowledge-Based Systems;2023;Yes;KG;All dataset;No;-;KG;Post-Hoc
99;WU2024111133;PESI: Personalized Explanation recommendation with Sentiment Inconsistency between ratings and reviews;Huiqiong Wu and Guibing Guo and Enneng Yang and Yudong Luo and Yabo Chu and Linying Jiang and Xingwei Wang;Knowledge-Based Systems;2024;Yes;NLP(BLEU/ROUGE);All dataset;No;-;Review;Intrinsic
100;10.1145/2766462.2767755;Image-Based Recommendations on Styles and Substitutes;McAuley, Julian and Targett, Christopher and Shi, Qinfeng and van den Hengel, Anton;ACM SIGIR Conference on Research and Development in Information Retrieval;2015;Yes;PoC;Few Examples;No;-;Multimodal;Intrinsic
101;10.1145/3340531.3411992;Generate Neural Template Explanations for Recommendation;Li, Lei and Zhang, Yongfeng and Chen, Li;ACM International Conference on Information and Knowledge Management;2020;Yes;NLP(BLEU/ROUGE);All dataset;No;-;Review;Intrinsic
102;10.1145/3292500.3330989;KGAT: Knowledge Graph Attention Network for Recommendation;Wang, Xiang and He, Xiangnan and Cao, Yixin and Liu, Meng and Chua, Tat-Seng;ACM International Conference on Information and Knowledge Management;2019;Yes;PoC;Few Examples;No;-;KG;Intrinsic
103;10.1145/3351095.3372852;Effect of confidence and explanation on accuracy and trust calibration in AI-assisted decision making;Zhang, Yunfeng and Liao, Q. Vera and Bellamy, Rachel K. E.;Conference on Fairness, Accountability, and Transparency;2020;No;-;-;Yes;A/B CTR(online);Parameters;Post-Hoc
104;10.1145/2806416.2806504;TriRank: Review-aware Explainable Recommendation by Modeling Aspects;He, Xiangnan and Chen, Tao and Kan, Min-Yen and Chen, Xiao;ACM International Conference on Information and Knowledge Management;2015;Yes;PoC;Few Examples;No;-;Review;Intrinsic
105;10.1145/3485447.3512031;Comparative Explanations of Recommendations;Yang, Aobo and Wang, Nan and Cai, Renqin and Deng, Hongbo and Wang, Hongning;ACM Web Conference;2022;Yes;NLP(BLEU/ROUGE);All dataset;No;-;Review;Intrinsic